{
    "simulation_name": "BBH_SKS_d13_q1.22_sA_0_0_0.330_sB_0_0_-0.440/Lev2",
    "alternative_names": [],
    "keywords": [],
    "point_of_contact_email": "m.okounkova@gmail.com",
    "authors_emails": [],
    "simulation_bibtex_keys": "SXSCatalog",
    "code_bibtex_keys": [
        "Ossokine:2013zga",
        "Hemberger:2012jz",
        "Szilagyi:2009qz",
        "Boyle:2009vi",
        "Scheel:2008rj",
        "Boyle:2007ft",
        "Scheel:2006gg",
        "Lindblom:2005qh",
        "Pfeiffer:2002wt",
        "SpECwebsite"
    ],
    "initial_data_bibtex_keys": [
        "Buchman:2012dw",
        "Lovelace:2008tw",
        "Pfeiffer:2007yz",
        "Caudill:2006hw",
        "Cook:2004kt"
    ],
    "quasicircular_bibtex_keys": [
        "Mroue:2012kv",
        "Buonanno:2010yk",
        "Mroue:2010re",
        "Boyle:2007ft"
    ],
    "initial_data_type": "BBH_SKS",
    "initial_separation": 13.0,
    "initial_orbital_frequency": 0.019337522744,
    "initial_adot": -8.94696774446e-05,
    "object1": "bh",
    "object2": "bh",
    "initial_ADM_energy": 0.9917351317248174,
    "initial_ADM_linear_momentum": [
        3.52675312e-08,
        9.2761193e-09,
        3.965e-12
    ],
    "initial_ADM_angular_momentum": [
        -1.39842e-11,
        1.0886e-12,
        1.0485785991764316
    ],
    "initial_mass1": 0.5497953687546586,
    "initial_mass2": 0.4502046407969123,
    "initial_dimensionless_spin1": [
        -6.48e-14,
        2.532e-13,
        0.3300000073306262
    ],
    "initial_dimensionless_spin2": [
        2.948e-13,
        -5.08e-14,
        -0.4400000012745652
    ],
    "initial_position1": [
        5.83358238033299,
        0.0060237633603256,
        2.3654355e-09
    ],
    "initial_position2": [
        -7.16641761966701,
        0.0060237633603256,
        2.3654355e-09
    ],
    "reference_time": 580.0,
    "reference_mass1": 0.549811385916,
    "reference_mass2": 0.450202517074,
    "reference_dimensionless_spin1": [
        1.86152932939e-08,
        5.39867855493e-08,
        0.329894028067
    ],
    "reference_dimensionless_spin2": [
        2.91205300005e-08,
        9.12785013311e-09,
        -0.439941681413
    ],
    "reference_position1": [
        4.09820343779,
        -4.13328338255,
        -1.17930951612e-05
    ],
    "reference_position2": [
        -5.03888759845,
        5.09250710603,
        -1.16134685291e-05
    ],
    "reference_orbital_frequency": [
        2.25618081938e-10,
        -1.89281809502e-10,
        0.0211982334004
    ],
    "reference_eccentricity": "<3.5e-03",
    "reference_mean_anomaly": 2.788718,
    "common_horizon_time": 2529.65028896,
    "number_of_orbits": 11.8327251495,
    "remnant_mass": 0.952626135779,
    "remnant_dimensionless_spin": [
        -9.2186282649e-08,
        1.13847550717e-07,
        0.691896642677
    ],
    "remnant_velocity": [
        -5.43427497585e-05,
        0.000455937023663,
        3.44702146136e-07
    ],
    "spec_revisions": "InitialCommit-30874-gd0f65fb",
    "spells_revision": "4a63ebd9117136a3022c4a8a9825fc2bd42ca8a9"
}