{
    "simulation_name": "BBH_SKS_d13_q1.22_sA_0_0_0.330_sB_0_0_-0.440/Lev1",
    "alternative_names": [],
    "keywords": [],
    "point_of_contact_email": "mokounkova@flatironinstitute.org",
    "authors_emails": [],
    "simulation_bibtex_keys": "SXSCatalog",
    "code_bibtex_keys": [
        "Ossokine:2013zga",
        "Hemberger:2012jz",
        "Szilagyi:2009qz",
        "Boyle:2009vi",
        "Scheel:2008rj",
        "Boyle:2007ft",
        "Scheel:2006gg",
        "Lindblom:2005qh",
        "Pfeiffer:2002wt",
        "SpECwebsite"
    ],
    "initial_data_bibtex_keys": [
        "Buchman:2012dw",
        "Lovelace:2008tw",
        "Pfeiffer:2007yz",
        "Caudill:2006hw",
        "Cook:2004kt"
    ],
    "quasicircular_bibtex_keys": [
        "Mroue:2012kv",
        "Buonanno:2010yk",
        "Mroue:2010re",
        "Boyle:2007ft"
    ],
    "initial_data_type": "BBH_SKS",
    "initial_separation": 13.0,
    "initial_orbital_frequency": 0.019337522744,
    "initial_adot": -8.94696774446e-05,
    "object1": "bh",
    "object2": "bh",
    "initial_ADM_energy": 0.9917351317248174,
    "initial_ADM_linear_momentum": [
        3.52675312e-08,
        9.2761193e-09,
        3.965e-12
    ],
    "initial_ADM_angular_momentum": [
        -1.39842e-11,
        1.0886e-12,
        1.0485785991764316
    ],
    "initial_mass1": 0.5497953687546586,
    "initial_mass2": 0.4502046407969123,
    "initial_dimensionless_spin1": [
        -6.48e-14,
        2.532e-13,
        0.3300000073306262
    ],
    "initial_dimensionless_spin2": [
        2.948e-13,
        -5.08e-14,
        -0.4400000012745652
    ],
    "initial_position1": [
        5.83358238033299,
        0.0060237633603256,
        2.3654355e-09
    ],
    "initial_position2": [
        -7.16641761966701,
        0.0060237633603256,
        2.3654355e-09
    ],
    "relaxation_time": 640.0,
    "reference_time": 640.0,
    "reference_mass1": 0.549828311405,
    "reference_mass2": 0.450216151798,
    "reference_dimensionless_spin1": [
        -1.81880819211e-08,
        7.41031052488e-08,
        0.329806410163
    ],
    "reference_dimensionless_spin2": [
        -3.8398192593e-08,
        1.09295594483e-07,
        -0.43992819227
    ],
    "reference_position1": [
        5.07860564481,
        2.75713613777,
        -3.70498027956e-05
    ],
    "reference_position2": [
        -6.25191710862,
        -3.38099096864,
        -3.42747490722e-05
    ],
    "reference_orbital_frequency": [
        4.22280157005e-09,
        1.90389964637e-09,
        0.0214528918113
    ],
    "reference_eccentricity": 0.0003181,
    "reference_mean_anomaly": 5.890221,
    "common_horizon_time": 2544.22605669,
    "number_of_orbits": 11.9093844294,
    "remnant_mass": 0.951957377347,
    "remnant_dimensionless_spin": [
        1.13664399936e-07,
        8.54130586576e-08,
        0.691975459168
    ],
    "remnant_velocity": [
        -0.000247494935826,
        0.000384097292206,
        6.26661424833e-08
    ],
    "metadata_version": 1,
    "spec_revisions": "InitialCommit-30896-gf254d8b",
    "spells_revision": "4a63ebd9117136a3022c4a8a9825fc2bd42ca8a9"
}