{
    "simulation_name": "BBH_SKS_d13_q1.22_sA_0_0_0.330_sB_0_0_-0.440/Lev3",
    "alternative_names": [],
    "keywords": [],
    "point_of_contact_email": "mokounkova@flatironinstitute.org",
    "authors_emails": [],
    "simulation_bibtex_keys": "SXSCatalog",
    "code_bibtex_keys": [
        "Ossokine:2013zga",
        "Hemberger:2012jz",
        "Szilagyi:2009qz",
        "Boyle:2009vi",
        "Scheel:2008rj",
        "Boyle:2007ft",
        "Scheel:2006gg",
        "Lindblom:2005qh",
        "Pfeiffer:2002wt",
        "SpECwebsite"
    ],
    "initial_data_bibtex_keys": [
        "Buchman:2012dw",
        "Lovelace:2008tw",
        "Pfeiffer:2007yz",
        "Caudill:2006hw",
        "Cook:2004kt"
    ],
    "quasicircular_bibtex_keys": [
        "Mroue:2012kv",
        "Buonanno:2010yk",
        "Mroue:2010re",
        "Boyle:2007ft"
    ],
    "initial_data_type": "BBH_SKS",
    "initial_separation": 13.0,
    "initial_orbital_frequency": 0.019337522744,
    "initial_adot": -8.94696774446e-05,
    "object1": "bh",
    "object2": "bh",
    "initial_ADM_energy": 0.9917351317248174,
    "initial_ADM_linear_momentum": [
        3.52675312e-08,
        9.2761193e-09,
        3.965e-12
    ],
    "initial_ADM_angular_momentum": [
        -1.39842e-11,
        1.0886e-12,
        1.0485785991764316
    ],
    "initial_mass1": 0.5497953687546586,
    "initial_mass2": 0.4502046407969123,
    "initial_dimensionless_spin1": [
        -6.48e-14,
        2.532e-13,
        0.3300000073306262
    ],
    "initial_dimensionless_spin2": [
        2.948e-13,
        -5.08e-14,
        -0.4400000012745652
    ],
    "initial_position1": [
        5.83358238033299,
        0.0060237633603256,
        2.3654355e-09
    ],
    "initial_position2": [
        -7.16641761966701,
        0.0060237633603256,
        2.3654355e-09
    ],
    "relaxation_time": 640.0,
    "reference_time": 640.0,
    "reference_mass1": 0.549804260957,
    "reference_mass2": 0.450196028957,
    "reference_dimensionless_spin1": [
        1.43375691304e-08,
        1.29407701426e-08,
        0.329824763468
    ],
    "reference_dimensionless_spin2": [
        4.47376044115e-08,
        2.11307946215e-08,
        -0.440127503028
    ],
    "reference_position1": [
        5.07914372933,
        2.75146503041,
        -6.98834711656e-06
    ],
    "reference_position2": [
        -6.25710396988,
        -3.37736752165,
        -7.24806148122e-06
    ],
    "reference_orbital_frequency": [
        3.24725947751e-10,
        -1.50960867201e-09,
        0.0214503537344
    ],
    "reference_eccentricity": 0.0004291,
    "reference_mean_anomaly": 5.116795,
    "common_horizon_time": 2543.11661606,
    "number_of_orbits": 11.9041089866,
    "remnant_mass": 0.952009424629,
    "remnant_dimensionless_spin": [
        2.42085268677e-08,
        -4.50889552811e-08,
        0.69202385617
    ],
    "remnant_velocity": [
        -0.000234835397688,
        0.00038944885434,
        4.96634721631e-08
    ],
    "metadata_version": 1,
    "spec_revisions": "InitialCommit-30896-gf254d8b",
    "spells_revision": "4a63ebd9117136a3022c4a8a9825fc2bd42ca8a9"
}